--
-- Script was generated by Devart dbForge Studio 2020 for MySQL, Version 9.0.897.0
-- Product home page: http://www.devart.com/dbforge/mysql/studio
-- Script date 18/6/2022 10:49:21
-- Server version: 8.0.28
-- Client version: 4.1
--

-- 
-- Disable foreign keys
-- 
/*!40014 SET @OLD_FOREIGN_KEY_CHECKS=@@FOREIGN_KEY_CHECKS, FOREIGN_KEY_CHECKS=0 */;

-- 
-- Set SQL mode
-- 
/*!40101 SET @OLD_SQL_MODE=@@SQL_MODE, SQL_MODE='NO_AUTO_VALUE_ON_ZERO' */;

-- 
-- Set character set the client will use to send SQL statements to the server
--
SET NAMES 'utf8';

--
-- Set default database
--
USE db_a87295_sodadev;

--
-- Drop table `ciclo`
--
DROP TABLE IF EXISTS ciclo;

--
-- Drop table `estudiante`
--
DROP TABLE IF EXISTS estudiante;

--
-- Drop table `failed_jobs`
--
DROP TABLE IF EXISTS failed_jobs;

--
-- Drop table `inscripcion`
--
DROP TABLE IF EXISTS inscripcion;

--
-- Drop table `inscripcion_detalle`
--
DROP TABLE IF EXISTS inscripcion_detalle;

--
-- Drop table `materia`
--
DROP TABLE IF EXISTS materia;

--
-- Drop table `migrations`
--
DROP TABLE IF EXISTS migrations;

--
-- Drop table `periodo`
--
DROP TABLE IF EXISTS periodo;

--
-- Drop table `periodo_ciclos_detalle`
--
DROP TABLE IF EXISTS periodo_ciclos_detalle;

--
-- Drop table `periodo_ciclos_detalle_materia`
--
DROP TABLE IF EXISTS periodo_ciclos_detalle_materia;

--
-- Drop table `solicitud_admision`
--
DROP TABLE IF EXISTS solicitud_admision;

--
-- Drop table `users`
--
DROP TABLE IF EXISTS users;

--
-- Set default database
--
USE db_a87295_sodadev;

--
-- Create table `users`
--
CREATE TABLE users (
  id bigint UNSIGNED NOT NULL AUTO_INCREMENT,
  name varchar(255) NOT NULL,
  email varchar(255) NOT NULL,
  email_verified_at timestamp NULL DEFAULT NULL,
  password varchar(255) NOT NULL,
  remember_token varchar(100) DEFAULT NULL,
  created_at timestamp NULL DEFAULT NULL,
  updated_at timestamp NULL DEFAULT NULL,
  role varchar(50) DEFAULT NULL,
  PRIMARY KEY (id)
)
ENGINE = INNODB,
AUTO_INCREMENT = 4,
AVG_ROW_LENGTH = 5461,
CHARACTER SET utf8mb4,
COLLATE utf8mb4_unicode_ci;

--
-- Create index `users_email_unique` on table `users`
--
ALTER TABLE users
ADD UNIQUE INDEX users_email_unique (email);

--
-- Create table `solicitud_admision`
--
CREATE TABLE solicitud_admision (
  id int NOT NULL AUTO_INCREMENT,
  numero_solicitud varchar(10) DEFAULT NULL,
  fecha_solicitud date DEFAULT NULL,
  aprobada varchar(2) DEFAULT NULL,
  estudiante_id int DEFAULT NULL,
  created_at timestamp NULL DEFAULT (NOW()),
  created_by varchar(255) DEFAULT NULL,
  updated_at timestamp NULL DEFAULT (NOW()),
  updated_by varchar(255) DEFAULT NULL,
  PRIMARY KEY (id)
)
ENGINE = INNODB,
AUTO_INCREMENT = 7,
AVG_ROW_LENGTH = 16384,
CHARACTER SET utf8,
COLLATE utf8_general_ci;

--
-- Create table `periodo_ciclos_detalle_materia`
--
CREATE TABLE periodo_ciclos_detalle_materia (
  id int NOT NULL AUTO_INCREMENT,
  materia_id int DEFAULT NULL,
  docente_id int DEFAULT NULL,
  ciclo_id int DEFAULT NULL,
  periodo_id int DEFAULT NULL,
  created_at timestamp NULL DEFAULT (NOW()),
  created_by varchar(255) DEFAULT NULL,
  updated_at timestamp NULL DEFAULT (NOW()),
  updated_by varchar(255) DEFAULT NULL,
  PRIMARY KEY (id)
)
ENGINE = INNODB,
AUTO_INCREMENT = 12,
AVG_ROW_LENGTH = 8192,
CHARACTER SET utf8,
COLLATE utf8_general_ci;

--
-- Create table `periodo_ciclos_detalle`
--
CREATE TABLE periodo_ciclos_detalle (
  id int NOT NULL AUTO_INCREMENT,
  estado varchar(20) DEFAULT NULL,
  ciclo_id int DEFAULT NULL,
  periodo_id int DEFAULT NULL,
  created_at timestamp NULL DEFAULT (NOW()),
  created_by varchar(255) DEFAULT NULL,
  updated_at timestamp NULL DEFAULT (NOW()),
  updated_by varbinary(255) DEFAULT NULL,
  PRIMARY KEY (id)
)
ENGINE = INNODB,
AUTO_INCREMENT = 9,
AVG_ROW_LENGTH = 8192,
CHARACTER SET utf8,
COLLATE utf8_general_ci;

--
-- Create table `periodo`
--
CREATE TABLE periodo (
  id int NOT NULL AUTO_INCREMENT,
  anio int DEFAULT NULL,
  created_at timestamp NULL DEFAULT CURRENT_TIMESTAMP,
  created_by varchar(255) DEFAULT NULL,
  updated_at timestamp NULL DEFAULT CURRENT_TIMESTAMP,
  updated_by varchar(255) DEFAULT NULL,
  estado varchar(255) DEFAULT NULL,
  PRIMARY KEY (id)
)
ENGINE = INNODB,
AUTO_INCREMENT = 5,
AVG_ROW_LENGTH = 5461,
CHARACTER SET utf8,
COLLATE utf8_general_ci;

--
-- Create table `migrations`
--
CREATE TABLE migrations (
  id int UNSIGNED NOT NULL AUTO_INCREMENT,
  migration varchar(255) NOT NULL,
  batch int NOT NULL,
  PRIMARY KEY (id)
)
ENGINE = INNODB,
AUTO_INCREMENT = 3,
AVG_ROW_LENGTH = 8192,
CHARACTER SET utf8mb4,
COLLATE utf8mb4_unicode_ci;

--
-- Create table `materia`
--
CREATE TABLE materia (
  id int NOT NULL AUTO_INCREMENT,
  nombre varchar(255) DEFAULT NULL,
  descripcion varchar(255) DEFAULT NULL,
  uv int DEFAULT NULL,
  ciclo_id int DEFAULT NULL,
  created_at timestamp NULL DEFAULT CURRENT_TIMESTAMP,
  created_by varchar(255) DEFAULT NULL,
  updated_at timestamp NULL DEFAULT CURRENT_TIMESTAMP,
  updated_by varchar(255) DEFAULT NULL,
  PRIMARY KEY (id)
)
ENGINE = INNODB,
AUTO_INCREMENT = 28,
AVG_ROW_LENGTH = 606,
CHARACTER SET utf8,
COLLATE utf8_general_ci;

--
-- Create table `inscripcion_detalle`
--
CREATE TABLE inscripcion_detalle (
  id int NOT NULL AUTO_INCREMENT,
  estado varchar(20) DEFAULT NULL,
  materia_id int DEFAULT NULL,
  inscripcion_id int DEFAULT NULL,
  created_at timestamp NULL DEFAULT (NOW()),
  created_by varchar(255) DEFAULT NULL,
  updated_at timestamp NULL DEFAULT (NOW()),
  updated_by varchar(255) DEFAULT NULL,
  nota_1_computo_1 decimal(6, 2) DEFAULT 0.00,
  nota_2_computo_1 decimal(6, 2) DEFAULT 0.00,
  nota_1_computo_2 decimal(6, 2) DEFAULT 0.00,
  nota_2_computo_2 decimal(6, 2) DEFAULT 0.00,
  nota_final decimal(10, 2) DEFAULT 0.00,
  PRIMARY KEY (id)
)
ENGINE = INNODB,
AUTO_INCREMENT = 21,
AVG_ROW_LENGTH = 2048,
CHARACTER SET utf8,
COLLATE utf8_general_ci;

--
-- Create table `inscripcion`
--
CREATE TABLE inscripcion (
  id int NOT NULL AUTO_INCREMENT,
  fecha date DEFAULT NULL,
  estudiante_id int DEFAULT NULL,
  ciclo_id int DEFAULT NULL,
  periodo_id int DEFAULT NULL,
  created_at timestamp NULL DEFAULT (NOW()),
  created_by varchar(255) DEFAULT NULL,
  updated_at timestamp NULL DEFAULT (NOW()),
  updated_by varchar(255) DEFAULT NULL,
  PRIMARY KEY (id)
)
ENGINE = INNODB,
AUTO_INCREMENT = 8,
AVG_ROW_LENGTH = 16384,
CHARACTER SET utf8,
COLLATE utf8_general_ci;

--
-- Create table `failed_jobs`
--
CREATE TABLE failed_jobs (
  id bigint UNSIGNED NOT NULL AUTO_INCREMENT,
  `connection` text NOT NULL,
  queue text NOT NULL,
  payload longtext NOT NULL,
  exception longtext NOT NULL,
  failed_at timestamp NOT NULL DEFAULT CURRENT_TIMESTAMP,
  PRIMARY KEY (id)
)
ENGINE = INNODB,
CHARACTER SET utf8mb4,
COLLATE utf8mb4_unicode_ci;

--
-- Create table `estudiante`
--
CREATE TABLE estudiante (
  id int NOT NULL AUTO_INCREMENT,
  codigo varchar(20) DEFAULT NULL,
  primer_nombre varchar(50) DEFAULT NULL,
  segundo_nombre varchar(50) DEFAULT NULL,
  primer_apellido varchar(50) DEFAULT NULL,
  segundo_apellido varchar(50) DEFAULT NULL,
  apellido_casada varchar(50) DEFAULT NULL,
  dui varchar(10) DEFAULT NULL,
  fecha_nacimiento date DEFAULT NULL,
  genero varchar(1) DEFAULT NULL,
  estado_civil_id int DEFAULT NULL,
  direccion_domicilio varchar(255) DEFAULT NULL,
  ciudad varchar(50) DEFAULT NULL,
  departamento varchar(50) DEFAULT NULL,
  telefono varchar(20) DEFAULT NULL,
  celular varchar(20) DEFAULT NULL,
  correo varchar(50) DEFAULT NULL,
  nombre_conyugue varchar(255) DEFAULT NULL,
  direccion_conyugue varbinary(255) DEFAULT NULL,
  ocupacion_conyugue varchar(50) DEFAULT NULL,
  edad_conyugue int DEFAULT NULL,
  conyugue_es_creyente varchar(2) DEFAULT NULL,
  telefono_conyugue varchar(20) DEFAULT NULL,
  cantidad_hijos int DEFAULT NULL,
  cantidad_hijas varchar(255) DEFAULT NULL,
  ultimo_grado_estudio varchar(100) DEFAULT NULL,
  es_graduado varchar(2) DEFAULT NULL,
  institucion_estudio varchar(100) DEFAULT NULL,
  created_at timestamp NULL DEFAULT (NOW()),
  created_by varchar(255) DEFAULT NULL,
  updated_by varchar(255) DEFAULT NULL,
  updated_at timestamp NULL DEFAULT (NOW()),
  admision_aprobada varchar(2) DEFAULT NULL,
  PRIMARY KEY (id)
)
ENGINE = INNODB,
AUTO_INCREMENT = 6,
AVG_ROW_LENGTH = 8192,
CHARACTER SET utf8,
COLLATE utf8_general_ci;

--
-- Create index `UK_estudiante_codigo` on table `estudiante`
--
ALTER TABLE estudiante
ADD UNIQUE INDEX UK_estudiante_codigo (codigo);

--
-- Create index `UK_estudiante_dui` on table `estudiante`
--
ALTER TABLE estudiante
ADD UNIQUE INDEX UK_estudiante_dui (dui);

--
-- Create table `ciclo`
--
CREATE TABLE ciclo (
  id int NOT NULL AUTO_INCREMENT,
  nombre varchar(50) DEFAULT NULL,
  orden int DEFAULT NULL,
  created_at timestamp NULL DEFAULT CURRENT_TIMESTAMP,
  created_by varchar(255) DEFAULT NULL,
  updated_at timestamp NULL DEFAULT CURRENT_TIMESTAMP,
  updated_by varchar(255) DEFAULT NULL,
  PRIMARY KEY (id)
)
ENGINE = INNODB,
AUTO_INCREMENT = 7,
AVG_ROW_LENGTH = 2730,
CHARACTER SET utf8,
COLLATE utf8_general_ci;

-- 
-- Dumping data for table users
--
INSERT INTO users VALUES
(1, 'Administrador', 'admin@localhost.com', NULL, '$2y$10$aqUU9ZGePYRHUjKV7Pz4weSnRNF/vDeB9ir20ps0QB5TltTuufZTO', NULL, NULL, '2022-06-18 16:17:28', NULL),
(2, 'Juan Perez', 'jperez@localhost.com', NULL, '$2y$10$zM9NJjvb91X7Wuvv.wZWTusU5Bs96RmyBItzZwvnBdqkGgcdsRaiK', NULL, NULL, '2022-06-17 23:52:48', 'DOCENTE'),
(3, 'Ana Maria Flores', 'ana@localhost.com', NULL, '$2y$10$3RyuSFDoZp/VMpCNkN8Zg.b/6TDapIzUBTnQOR2379BneCHYu49pi', NULL, '2022-06-17 23:54:26', '2022-06-18 15:40:44', 'DOCENTE');

-- 
-- Dumping data for table solicitud_admision
--
INSERT INTO solicitud_admision VALUES
(5, 'S000001', '2022-06-18', 'SI', 4, '2022-06-18 15:48:43', NULL, '2022-06-18 15:49:15', NULL),
(6, 'S000002', '2022-06-18', 'SI', 5, '2022-06-18 16:12:26', NULL, '2022-06-18 16:12:47', NULL);

-- 
-- Dumping data for table periodo_ciclos_detalle_materia
--
INSERT INTO periodo_ciclos_detalle_materia VALUES
(3, 1, 2, 1, 4, '2022-06-18 15:45:27', NULL, '2022-06-18 15:46:45', NULL),
(4, 2, 2, 1, 4, '2022-06-18 15:45:27', NULL, '2022-06-18 15:46:46', NULL),
(5, 3, 3, 1, 4, '2022-06-18 15:45:27', NULL, '2022-06-18 15:46:46', NULL),
(6, 4, 3, 1, 4, '2022-06-18 15:45:28', NULL, '2022-06-18 15:46:47', NULL),
(7, 5, 2, 1, 4, '2022-06-18 15:45:28', NULL, '2022-06-18 15:46:47', NULL),
(8, 6, NULL, 2, 4, '2022-06-18 15:45:38', NULL, '2022-06-18 15:45:38', NULL),
(9, 7, NULL, 2, 4, '2022-06-18 15:45:38', NULL, '2022-06-18 15:45:38', NULL),
(10, 8, NULL, 2, 4, '2022-06-18 15:45:38', NULL, '2022-06-18 15:45:38', NULL),
(11, 9, NULL, 2, 4, '2022-06-18 15:45:39', NULL, '2022-06-18 15:45:39', NULL);

-- 
-- Dumping data for table periodo_ciclos_detalle
--
INSERT INTO periodo_ciclos_detalle VALUES
(7, 'APERTURADO', 1, 4, '2022-06-18 15:45:26', NULL, '2022-06-18 15:46:47', NULL),
(8, 'NO APERTURADO', 2, 4, '2022-06-18 15:45:37', NULL, '2022-06-18 15:45:37', NULL);

-- 
-- Dumping data for table periodo
--
INSERT INTO periodo VALUES
(4, 2022, '2022-06-18 15:44:49', NULL, '2022-06-18 15:44:49', NULL, 'APERTURADO');

-- 
-- Dumping data for table migrations
--
INSERT INTO migrations VALUES
(1, '2014_10_12_000000_create_users_table', 1),
(2, '2019_08_19_000000_create_failed_jobs_table', 1);

-- 
-- Dumping data for table materia
--
INSERT INTO materia VALUES
(1, 'Nuevo Testamento I – Panorama del Nuevo Testamento', 'Nuevo Testamento I – Panorama del Nuevo Testamento', 4, 1, '2022-05-28 03:25:01', NULL, '2022-06-18 01:49:41', NULL),
(2, 'Bibliología', 'Bibliología', 4, 1, '2022-06-10 19:32:05', NULL, '2022-06-18 01:48:59', NULL),
(3, 'Teologia Propia', 'Teologia Propia', 4, 1, '2022-06-18 01:11:11', NULL, '2022-06-18 01:52:05', NULL),
(4, 'Hermeneutica', 'Hermeneutica', 4, 1, '2022-06-18 01:12:00', NULL, '2022-06-18 01:50:01', NULL),
(5, 'Pastores: Orientacion Pastoral', 'Pastores: Orientacion Pastoral', 4, 1, '2022-06-18 01:18:48', NULL, '2022-06-18 01:51:47', NULL),
(6, 'Nuevo Testamento II - Los Evangelicos y la Vida de Jesus', 'Nuevo Testamento II - Los Evangelicos y la Vida de Jesus', 4, 2, '2022-06-18 01:20:19', NULL, '2022-06-18 01:49:32', NULL),
(7, 'Antropologia', 'Antropologia', 4, 2, '2022-06-18 01:22:38', NULL, '2022-06-18 01:48:36', NULL),
(8, 'La Vida Personal del Lider Cristiano', 'La Vida Personal del Lider Cristiano', 4, 2, '2022-06-18 01:23:45', NULL, '2022-06-18 01:49:52', NULL),
(9, 'Hamartiologia', 'Hamartiologia', 4, 2, '2022-06-18 01:24:50', NULL, '2022-06-18 01:50:10', NULL),
(10, 'Nuevo Testamento III - Estudio de Romanos', 'Nuevo Testamento III - Estudio de Romanos', 4, 3, '2022-06-18 01:44:11', NULL, '2022-06-18 01:51:39', NULL),
(11, 'Cristologia', 'Cristologia', 4, 3, '2022-06-18 01:44:41', NULL, '2022-06-18 01:49:11', NULL),
(12, 'Apocalipsis y las Cosas Futuras', 'Apocalipsis y las Cosas Futuras', 4, 3, '2022-06-18 01:45:35', NULL, '2022-06-18 01:48:45', NULL),
(13, 'Antiguo Testamento I - Panorama del Antiguo Testamento', 'Antiguo Testamento I - Panorama del Antiguo Testamento', 4, 3, '2022-06-18 01:46:50', NULL, '2022-06-18 01:48:25', NULL),
(14, 'Pastores : Administracion Eclesiastica', 'Pastores : Administracion Eclesiastica', 4, 3, '2022-06-18 01:47:50', NULL, '2022-06-18 01:51:56', NULL),
(15, 'Evangelismo y Misiones', 'Evangelismo y Misiones', 4, 4, '2022-06-18 01:53:28', NULL, '2022-06-18 01:53:28', NULL),
(16, 'Angelologia', 'Angelologia, materia de Ciclo IV', 4, 4, '2022-06-18 01:53:59', NULL, '2022-06-18 15:41:47', NULL),
(17, 'Las Cartas Generales del Nuevo Testamento', 'Las Cartas Generales del Nuevo Testamento', 4, 4, '2022-06-18 01:54:52', NULL, '2022-06-18 01:54:52', NULL),
(18, 'Pedagogia Cristiana', 'Pedagogia Cristiana', 4, 4, '2022-06-18 01:55:52', NULL, '2022-06-18 01:55:52', NULL),
(19, 'Exegesis del Nuevo Testamento', 'Exegesis del Nuevo Testamento', 4, 5, '2022-06-18 02:01:46', NULL, '2022-06-18 02:01:46', NULL),
(20, 'Soteriologia', 'Soteriologia', 4, 5, '2022-06-18 02:10:19', NULL, '2022-06-18 02:10:19', NULL),
(21, 'Conserjeria Cristiana', 'Conserjeria Cristiana', 4, 5, '2022-06-18 02:10:59', NULL, '2022-06-18 02:10:59', NULL),
(22, 'Eclesiologia', 'Eclesiologia', 4, 5, '2022-06-18 02:11:39', NULL, '2022-06-18 02:11:39', NULL),
(23, 'Pastores : Homiletica', 'Pastores : Homiletica', 4, 5, '2022-06-18 02:12:35', NULL, '2022-06-18 02:12:35', NULL),
(24, 'Exegesis del Antiguo Testamento', 'Exegesis del Antiguo Testamento', 4, 6, '2022-06-18 02:13:50', NULL, '2022-06-18 02:13:50', NULL),
(25, 'Pneumatologia', 'Pneumatologia', 4, 6, '2022-06-18 02:14:22', NULL, '2022-06-18 02:14:22', NULL),
(26, 'Etica Cristiana', 'Etica Cristiana', 4, 6, '2022-06-18 02:14:54', NULL, '2022-06-18 02:23:42', NULL),
(27, 'Liderazgo Espiritual', 'Liderazgo Espiritual', 4, 6, '2022-06-18 02:14:54', NULL, '2022-06-18 02:17:15', NULL);

-- 
-- Dumping data for table inscripcion_detalle
--
INSERT INTO inscripcion_detalle VALUES
(11, 'INSCRITA', 1, 6, '2022-06-18 15:51:40', NULL, '2022-06-18 16:14:51', NULL, 7.00, 7.00, 8.00, 9.00, 7.75),
(12, 'INSCRITA', 2, 6, '2022-06-18 15:51:40', NULL, '2022-06-18 15:51:40', NULL, 0.00, 0.00, 0.00, 0.00, 0.00),
(13, 'INSCRITA', 3, 6, '2022-06-18 15:51:41', NULL, '2022-06-18 15:53:13', NULL, 7.00, 8.00, 8.00, 10.00, 8.25),
(14, 'INSCRITA', 4, 6, '2022-06-18 15:51:41', NULL, '2022-06-18 15:51:41', NULL, 0.00, 0.00, 0.00, 0.00, 0.00),
(15, 'INSCRITA', 5, 6, '2022-06-18 15:51:41', NULL, '2022-06-18 15:51:41', NULL, 0.00, 0.00, 0.00, 0.00, 0.00),
(16, 'INSCRITA', 1, 7, '2022-06-18 16:13:56', NULL, '2022-06-18 16:14:51', NULL, 6.00, 6.00, 10.00, 10.00, 8.00),
(17, 'INSCRITA', 2, 7, '2022-06-18 16:13:56', NULL, '2022-06-18 16:13:56', NULL, 0.00, 0.00, 0.00, 0.00, 0.00),
(18, 'INSCRITA', 3, 7, '2022-06-18 16:13:57', NULL, '2022-06-18 16:13:57', NULL, 0.00, 0.00, 0.00, 0.00, 0.00),
(19, 'NO INSCRITA', 4, 7, '2022-06-18 16:13:57', NULL, '2022-06-18 16:13:57', NULL, 0.00, 0.00, 0.00, 0.00, 0.00),
(20, 'NO INSCRITA', 5, 7, '2022-06-18 16:13:57', NULL, '2022-06-18 16:13:57', NULL, 0.00, 0.00, 0.00, 0.00, 0.00);

-- 
-- Dumping data for table inscripcion
--
INSERT INTO inscripcion VALUES
(6, '2022-06-18', 4, 1, 4, '2022-06-18 15:51:40', NULL, '2022-06-18 15:51:40', NULL),
(7, '2022-06-18', 5, 1, 4, '2022-06-18 16:13:55', NULL, '2022-06-18 16:13:55', NULL);

-- 
-- Dumping data for table failed_jobs
--
-- Table db_a87295_sodadev.failed_jobs does not contain any data (it is empty)

-- 
-- Dumping data for table estudiante
--
INSERT INTO estudiante VALUES
(4, 'E000000', 'ANA', 'MARIA', 'FLORES', 'AYALA', NULL, '12345678-9', '1989-03-28', 'M', 1, 'BO. DOLORES', NULL, NULL, NULL, '7788-9955', NULL, NULL, NULL, NULL, NULL, '0', NULL, NULL, NULL, NULL, '0', NULL, '2022-06-18 15:48:18', NULL, NULL, '2022-06-18 15:49:16', 'SI'),
(5, 'E000001', 'PEDRO', 'ALEJANDRO', 'PEREZ', 'FLORES', NULL, '00121345-8', '1988-09-01', 'M', 1, NULL, NULL, NULL, NULL, NULL, NULL, NULL, NULL, NULL, NULL, '0', NULL, NULL, NULL, NULL, '0', NULL, '2022-06-18 16:12:08', NULL, NULL, '2022-06-18 16:12:48', 'SI');

-- 
-- Dumping data for table ciclo
--
INSERT INTO ciclo VALUES
(1, 'CICLO I', 1, '2022-05-20 21:02:09', NULL, '2022-06-03 19:33:25', NULL),
(2, 'CICLO II', 2, '2022-05-20 21:02:09', NULL, '2022-05-20 21:02:09', NULL),
(3, 'CICLO III', 3, '2022-05-21 12:25:49', NULL, '2022-05-21 12:25:49', NULL),
(4, 'CICLO IV', 4, '2022-05-27 19:45:11', NULL, '2022-05-27 19:47:47', NULL),
(5, 'CICLO V', 5, '2022-06-18 01:58:19', NULL, '2022-06-18 01:58:19', NULL),
(6, 'CICLO VI', 6, '2022-06-18 01:58:57', NULL, '2022-06-18 01:58:57', NULL);

-- 
-- Restore previous SQL mode
-- 
/*!40101 SET SQL_MODE=@OLD_SQL_MODE */;

-- 
-- Enable foreign keys
-- 
/*!40014 SET FOREIGN_KEY_CHECKS = @OLD_FOREIGN_KEY_CHECKS */;